id,payee_id,deal_id,period,amount,product,close_date,metadata
TXN-00001,P015,DEAL-2245,2026-05,4237.57,Add-On,2026-05-22,{}
TXN-00002,P040,DEAL-1672,2026-03,39986.46,Pro,2026-03-28,{}
TXN-00003,P030,DEAL-6934,2026-06,5137.65,,2026-06-21,{}
TXN-00004,P038,DEAL-8921,2026-04,256433.65,Enterprise,2026-04-03,{}
TXN-00005,P032,DEAL-7209,2026-03,173576.63,Enterprise,2026-03-09,{}
TXN-00006,P054,DEAL-5526,2026-05,179156.81,Enterprise,2026-05-18,{}
TXN-00007,P048,DEAL-9041,2026-04,1155.19,,2026-04-22,{}
TXN-00008,P037,DEAL-6632,2026-04,2976.75,Add-On,2026-04-08,"{""contract_length"": 12, ""renewal"": false}"
TXN-00009,P038,DEAL-4033,2026-02,61702.33,Pro,2026-02-20,{}
TXN-00010,P015,DEAL-5853,2026-02,-10915.63,Starter,2026-02-18,{}
TXN-00011,P045,DEAL-9042,2026-01,1110.39,,2026-01-02,{}
TXN-00012,P008,DEAL-2070,2026-04,68520.54,Enterprise,,"{""contract_length"": 36, ""renewal"": false}"
TXN-00013,P018,DEAL-2940,2026-05,4745.57,,2026-05-13,{}
TXN-00014,P041,DEAL-8025,2026-03,53471.91,Pro,2026-03-07,{}
TXN-00015,P006,DEAL-3573,2026-02,48639.46,Pro,2026-02-16,{}
TXN-00016,P055,DEAL-5632,2026-06,5086.28,,2026-06-21,{}
TXN-00017,P015,DEAL-7965,2026-01,25736.66,Pro,2026-01-02,{}
TXN-00018,P040,DEAL-5728,2026-04,167174.49,Enterprise,2026-04-18,{}
TXN-00019,P003,DEAL-8078,2026-06,-4964.03,Starter,2026-06-19,{}
TXN-00020,P053,DEAL-5415,2026-05,240777.25,Enterprise,2026-05-09,{}
TXN-00021,P045,DEAL-9056,2026-01,136990.26,Enterprise,2026-01-11,{}
TXN-00022,P052,DEAL-7561,2026-05,163706.48,Enterprise,2026-05-13,{}
TXN-00023,P001,DEAL-9889,2026-04,63551.02,Enterprise,2026-04-15,{}
TXN-00024,P039,DEAL-3146,2026-03,270211.65,Enterprise,,{}
TXN-00025,P055,DEAL-3594,2026-03,10957.21,Pro,2026-03-04,{}
TXN-00026,P012,DEAL-9165,2026-06,8615.34,Starter,2026-06-08,{}
TXN-00027,P015,DEAL-9327,2026-06,70481.89,Pro,2026-06-26,{}
TXN-00028,P021,DEAL-5891,2026-05,79923.16,Pro,2026-05-12,{}
TXN-00029,P027,DEAL-8460,2026-03,2697.87,,2026-03-25,{}
TXN-00030,P034,DEAL-7246,2026-04,4065.77,Add-On,2026-04-05,{}
TXN-00031,P007,DEAL-8213,2026-01,-3311.03,Pro,2026-01-03,{}
TXN-00032,P024,DEAL-7512,2026-06,262941.32,Enterprise,2026-06-11,{}
TXN-00033,P035,DEAL-9864,2026-01,14789.45,Pro,2026-01-24,"{""contract_length"": 12, ""renewal"": true}"
TXN-00034,P054,DEAL-5906,2026-01,131093.67,Enterprise,2026-01-08,{}
TXN-00035,P014,DEAL-3785,2026-02,202372.95,Enterprise,2026-02-19,"{""contract_length"": 24, ""renewal"": false}"
TXN-00036,P052,DEAL-1153,2026-04,10808.94,Starter,2026-04-19,{}
TXN-00037,P054,DEAL-5097,2026-04,3719.1,,2026-04-13,{}
TXN-00038,P054,DEAL-5837,2026-01,6924.07,,2026-01-24,{}
TXN-00039,P035,DEAL-5689,2026-02,66135.24,Pro,2026-02-25,{}
TXN-00040,P011,DEAL-2591,2026-06,677.4,Add-On,,{}
TXN-00041,P021,DEAL-6352,2026-06,93910.02,Enterprise,2026-06-17,{}
TXN-00042,P013,DEAL-5210,2026-04,3656.27,,2026-04-03,"{""contract_length"": 12, ""renewal"": false}"
TXN-00043,P039,DEAL-6992,2026-01,4551.17,,2026-01-24,{}
TXN-00044,P045,DEAL-7086,2026-01,-17742.58,Add-On,2026-01-08,{}
TXN-00045,P032,DEAL-5951,2026-06,-1225.64,Enterprise,2026-06-08,{}
TXN-00046,P032,DEAL-7078,2026-06,3634.18,Add-On,2026-06-14,{}
TXN-00047,P044,DEAL-7686,2026-03,222570.17,Enterprise,2026-03-12,"{""contract_length"": 36, ""renewal"": false}"
TXN-00048,P048,DEAL-6876,2026-01,118970.36,Enterprise,2026-01-03,{}
TXN-00049,P043,DEAL-1349,2026-01,4001.58,,2026-01-27,{}
TXN-00050,P016,DEAL-4817,2026-03,2327.99,,,{}
TXN-00051,P011,DEAL-9850,2026-03,2570.47,,,"{""contract_length"": 12, ""renewal"": false}"
TXN-00052,P019,DEAL-1858,2026-02,2394.32,Add-On,,{}
TXN-00053,P041,DEAL-2786,2026-04,25508.48,Pro,2026-04-22,{}
TXN-00054,P002,DEAL-1996,2026-04,4614.56,,2026-04-03,{}
TXN-00055,P012,DEAL-2076,2026-02,10116.13,Starter,2026-02-20,{}
TXN-00056,P043,DEAL-8048,2026-01,7316.01,,2026-01-24,{}
TXN-00057,P017,DEAL-7779,2026-03,5081.49,,2026-03-22,{}
TXN-00058,P053,DEAL-8770,2026-01,257942.97,Enterprise,2026-01-26,"{""contract_length"": 12, ""renewal"": false}"
TXN-00059,P029,DEAL-6793,2026-06,4806.43,,,{}
TXN-00060,P007,DEAL-9313,2026-02,55971.54,Pro,2026-02-12,"{""contract_length"": 24, ""renewal"": true}"
TXN-00061,P039,DEAL-1430,2026-05,4232.57,Add-On,2026-05-10,{}
TXN-00062,P014,DEAL-3347,2026-05,2303.53,Add-On,2026-06-17,{}
TXN-00063,P024,DEAL-3578,2026-03,11380.75,Starter,2026-01-05,{}
TXN-00064,P053,DEAL-2336,2026-03,215484.67,Enterprise,2026-03-25,{}
TXN-00065,P008,DEAL-5640,2026-06,3169.1,Add-On,2026-06-20,"{""contract_length"": 12, ""renewal"": false}"
TXN-00066,P011,DEAL-5186,2026-03,3559.8,Starter,2026-03-18,{}
TXN-00067,P052,DEAL-6802,2026-01,-865.46,Enterprise,2026-01-19,{}
TXN-00068,P045,DEAL-7843,2026-03,151258.08,Enterprise,2026-03-15,{}
TXN-00069,P006,DEAL-8155,2026-01,40497.36,Pro,,{}
TXN-00070,P017,DEAL-6456,2026-02,177620.82,Enterprise,2026-02-12,{}
TXN-00071,P048,DEAL-3419,2026-02,86611.05,Enterprise,2026-02-21,"{""contract_length"": 36, ""renewal"": false}"
TXN-00072,P040,DEAL-8354,2026-06,55009.43,Pro,2026-06-11,{}
TXN-00073,P031,DEAL-5961,2026-03,13932.05,Pro,2026-03-02,{}
TXN-00074,P048,DEAL-2479,2026-05,45494.75,Pro,2026-05-02,{}
TXN-00075,P048,DEAL-4084,2026-03,43294.03,Pro,,"{""contract_length"": 24, ""renewal"": true}"
TXN-00076,P014,DEAL-1641,2026-02,2469.91,Add-On,2026-02-12,{}
TXN-00077,P024,DEAL-1857,2026-06,2005.92,Add-On,2026-06-09,{}
TXN-00078,P043,DEAL-3463,2026-03,195684.88,Enterprise,2026-03-23,{}
TXN-00079,P055,DEAL-2388,2026-03,36367.55,Pro,2026-03-27,{}
TXN-00080,P037,DEAL-2531,2026-06,2405.33,Add-On,2026-06-07,{}
TXN-00081,P015,DEAL-4711,2026-02,15401.56,Pro,2026-02-27,{}
TXN-00082,P052,DEAL-6517,2026-05,51807.25,Pro,2026-05-20,{}
TXN-00083,P031,DEAL-1715,2026-04,10792.72,Starter,2026-04-24,{}
TXN-00084,P018,DEAL-6070,2026-04,2746.15,,2026-04-25,{}
TXN-00085,P037,DEAL-7859,2026-02,2797.28,,2026-04-28,{}
TXN-00086,P055,DEAL-9452,2026-01,3090.38,Starter,2026-01-27,{}
TXN-00087,P017,DEAL-2940,2026-03,153724.23,Enterprise,2026-03-03,{}
TXN-00088,P055,DEAL-6493,2026-02,12681.22,Pro,2026-02-25,{}
TXN-00089,P001,DEAL-2298,2026-01,4803.51,Starter,2026-01-14,"{""contract_length"": 24, ""renewal"": true}"
TXN-00090,P004,DEAL-4906,2026-04,4072.55,Add-On,2026-04-20,{}
TXN-00091,P040,DEAL-4963,2026-06,-7379.91,Pro,2026-06-22,"{""contract_length"": 24, ""renewal"": true}"
TXN-00092,P038,DEAL-9312,2026-05,11423.4,Pro,,{}
TXN-00093,P002,DEAL-6850,2026-01,5134.64,Starter,2026-01-25,{}
TXN-00094,P038,DEAL-6546,2026-06,68126.86,Pro,2026-06-06,{}
TXN-00095,P032,DEAL-1605,2026-03,13066.44,Pro,,{}
TXN-00096,P038,DEAL-8756,2026-03,238322.73,Enterprise,2026-03-28,{}
TXN-00097,P026,DEAL-8159,2026-04,2478.81,Add-On,2026-04-23,{}
TXN-00098,P037,DEAL-5369,2026-01,2410.25,Add-On,2026-01-10,{}
TXN-00099,P052,DEAL-5843,2026-03,200655.41,Enterprise,2026-03-02,{}
TXN-00100,P044,DEAL-8126,2026-03,4910.12,Add-On,,{}
TXN-00101,P053,DEAL-3621,2026-01,69406.85,Pro,2026-01-08,{}
TXN-00102,P027,DEAL-1530,2026-05,57534.34,Pro,2026-05-19,"{""contract_length"": 24, ""renewal"": false}"
TXN-00103,P020,DEAL-5089,2026-01,233918.71,Enterprise,2026-01-09,{}
TXN-00104,P016,DEAL-5678,2026-06,100044.59,Enterprise,,{}
TXN-00105,P006,DEAL-6236,2026-06,11224.03,Starter,2026-06-06,{}
TXN-00106,P045,DEAL-3852,2026-03,25696.91,Pro,2026-03-16,"{""contract_length"": 36, ""renewal"": false}"
TXN-00107,P039,DEAL-3126,2026-05,66437.03,Enterprise,2026-05-14,{}
TXN-00108,P005,DEAL-3053,2026-03,833.74,Add-On,2026-03-27,{}
TXN-00109,P014,DEAL-3114,2026-04,73749.86,Pro,2026-04-06,{}
TXN-00110,P017,DEAL-6669,2026-05,12997.14,Starter,2026-05-05,{}
TXN-00111,P006,DEAL-9234,2026-06,51426.59,Pro,2026-06-20,{}
TXN-00112,P003,DEAL-1464,2026-01,287136.71,Enterprise,2026-01-19,{}
TXN-00113,P035,DEAL-9938,2026-03,4804.93,Add-On,2026-03-10,{}
TXN-00114,P013,DEAL-8202,2026-04,166110.54,Enterprise,2026-04-11,{}
TXN-00115,P028,DEAL-3142,2026-03,49315.59,Pro,2026-03-08,"{""contract_length"": 12, ""renewal"": false}"
TXN-00116,P044,DEAL-7850,2026-02,9120.8,,2026-02-07,{}
TXN-00117,P036,DEAL-8648,2026-04,8465.81,Starter,2026-04-08,{}
TXN-00118,P004,DEAL-5609,2026-04,71763.76,Pro,2026-04-28,"{""contract_length"": 12, ""renewal"": false}"
TXN-00119,P028,DEAL-6995,2026-01,62789.42,Enterprise,2026-01-13,{}
TXN-00120,P020,DEAL-2946,2026-02,148475.93,Enterprise,2026-02-25,"{""contract_length"": 36, ""renewal"": false}"
TXN-00121,P003,DEAL-1637,2026-02,1998.68,Add-On,2026-02-17,"{""contract_length"": 36, ""renewal"": false}"
TXN-00122,P044,DEAL-5902,2026-05,8595.09,Starter,2026-05-16,{}
TXN-00123,P053,DEAL-2795,2026-04,31537.45,Pro,2026-04-20,{}
TXN-00124,P041,DEAL-4728,2026-06,195880.82,Enterprise,2026-06-27,{}
TXN-00125,P018,DEAL-1517,2026-05,-6617.0,Add-On,2026-05-14,{}
TXN-00126,P034,DEAL-2020,2026-06,46307.82,Pro,2026-06-13,{}
TXN-00127,P038,DEAL-6608,2026-05,10786.29,Starter,2026-05-09,{}
TXN-00128,P018,DEAL-5571,2026-05,4923.27,Starter,2026-05-07,{}
TXN-00129,P034,DEAL-6714,2026-05,7494.98,,2026-05-13,{}
TXN-00130,P012,DEAL-5758,2026-01,14419.08,Starter,2026-01-24,{}
TXN-00131,P038,DEAL-5442,2026-05,1722.3,Add-On,2026-05-02,{}
TXN-00132,P045,DEAL-4814,2026-01,153325.34,Enterprise,2026-01-01,{}
TXN-00133,P013,DEAL-7666,2026-06,169362.13,Enterprise,2026-06-21,"{""contract_length"": 12, ""renewal"": true}"
TXN-00134,P003,DEAL-3868,2026-04,2582.1,,2026-04-16,{}
TXN-00135,P021,DEAL-1613,2026-01,9383.5,Starter,2026-01-21,{}
TXN-00136,P011,DEAL-2940,2026-04,4506.55,Starter,2026-04-09,{}
TXN-00137,P021,DEAL-4164,2026-02,69930.26,Pro,2026-02-03,{}
TXN-00138,P011,DEAL-8822,2026-03,10478.11,Pro,2026-03-11,{}
TXN-00139,P001,DEAL-5285,2026-06,11005.99,Starter,2026-06-13,{}
TXN-00140,P055,DEAL-6095,2026-06,209677.83,Enterprise,2026-06-05,{}
TXN-00141,P043,DEAL-7121,2026-04,2971.56,Add-On,2026-04-07,{}
TXN-00142,P043,DEAL-2341,2026-05,182043.28,Enterprise,2026-05-27,{}
TXN-00143,P040,DEAL-9792,2026-02,32968.23,Pro,2026-02-19,{}
TXN-00144,P031,DEAL-1911,2026-04,45927.35,Pro,,{}
TXN-00145,P002,DEAL-7487,2026-03,1027.14,,,{}
TXN-00146,P038,DEAL-1987,2026-01,57933.72,Enterprise,2026-01-24,{}
TXN-00147,P027,DEAL-8348,2026-04,70062.5,Enterprise,2026-04-28,{}
TXN-00148,P038,DEAL-7439,2026-05,60950.07,Pro,,"{""contract_length"": 24, ""renewal"": false}"
TXN-00149,P038,DEAL-7948,2026-05,255840.11,Enterprise,2026-05-24,{}
TXN-00150,P052,DEAL-7868,2026-05,9426.14,,2026-05-02,{}
TXN-00151,P004,DEAL-5009,2026-06,150566.34,Enterprise,2026-06-02,"{""contract_length"": 24, ""renewal"": true}"
TXN-00152,P040,DEAL-6224,2026-05,64077.67,Pro,2026-05-22,{}
TXN-00153,P020,DEAL-1998,2026-05,71579.97,Pro,2026-05-16,"{""contract_length"": 24, ""renewal"": false}"
TXN-00154,P023,DEAL-7821,2026-04,30992.19,Pro,2026-04-08,{}
TXN-00155,P032,DEAL-1944,2026-05,291946.55,Enterprise,2026-05-07,{}
TXN-00156,P031,DEAL-7079,2026-01,60720.93,Pro,2026-01-20,"{""contract_length"": 12, ""renewal"": true}"
TXN-00157,P041,DEAL-4555,2026-04,70863.17,Pro,2026-02-24,"{""contract_length"": 24, ""renewal"": true}"
TXN-00158,P055,DEAL-4350,2026-04,48645.55,Pro,2026-04-12,{}
TXN-00159,P035,DEAL-8635,2026-01,9831.87,,2026-01-12,{}
TXN-00160,P017,DEAL-3390,2026-01,9193.05,Starter,2026-01-07,{}
TXN-00161,P018,DEAL-9180,2026-05,4745.59,Add-On,2026-05-24,{}
TXN-00162,P013,DEAL-6770,2026-02,60421.95,Pro,2026-02-21,{}
TXN-00163,P005,DEAL-1794,2026-01,84372.88,Enterprise,,{}
TXN-00164,P032,DEAL-2940,2026-01,54641.0,Pro,2026-01-01,"{""contract_length"": 36, ""renewal"": false}"
TXN-00165,P020,DEAL-9777,2026-03,175554.01,Enterprise,2026-03-06,"{""contract_length"": 12, ""renewal"": true}"
TXN-00166,P044,DEAL-9625,2026-03,4189.97,,,{}
TXN-00167,P018,DEAL-4700,2026-03,4226.28,Add-On,2026-03-02,"{""contract_length"": 24, ""renewal"": false}"
TXN-00168,P004,DEAL-1154,2026-06,15788.03,Pro,2026-06-28,{}
TXN-00169,P003,DEAL-4764,2026-02,7230.59,,2026-02-22,{}
TXN-00170,P040,DEAL-1539,2026-02,3830.36,,2026-02-23,{}
TXN-00171,P022,DEAL-3661,2026-05,49668.71,Pro,2026-05-13,{}
TXN-00172,P054,DEAL-2284,2026-05,4884.45,Add-On,2026-05-11,{}
TXN-00173,P043,DEAL-7499,2026-03,208530.74,Enterprise,2026-03-18,{}
TXN-00174,P053,DEAL-7227,2026-01,6567.54,,2026-02-13,{}
TXN-00175,P027,DEAL-6188,2026-03,72880.11,Enterprise,2026-03-04,"{""contract_length"": 12, ""renewal"": false}"
TXN-00176,P039,DEAL-3852,2026-04,56565.48,Enterprise,2026-04-11,{}
TXN-00177,P027,DEAL-2387,2026-06,73364.53,Pro,2026-06-13,{}
TXN-00178,P020,DEAL-9079,2026-02,91801.85,Enterprise,2026-02-12,{}
TXN-00179,P045,DEAL-9123,2026-05,23688.38,Pro,2026-05-11,{}
TXN-00180,P024,DEAL-8212,2026-03,253868.87,Enterprise,2026-03-11,{}
TXN-00181,P034,DEAL-6147,2026-02,292181.31,Enterprise,2026-02-19,{}
TXN-00182,P020,DEAL-7437,2026-03,283016.79,Enterprise,2026-03-25,{}
TXN-00183,P032,DEAL-4434,2026-04,3621.98,,2026-04-14,{}
TXN-00184,P022,DEAL-4965,2026-03,1193.64,Add-On,2026-03-20,{}
TXN-00185,P036,DEAL-7853,2026-05,247680.23,Enterprise,2026-05-21,{}
TXN-00186,P018,DEAL-6816,2026-02,3257.05,Add-On,2026-02-25,{}
TXN-00187,P007,DEAL-1172,2026-01,4886.01,Starter,2026-01-08,{}
TXN-00188,P053,DEAL-9199,2026-02,14970.14,Starter,2026-02-03,"{""contract_length"": 36, ""renewal"": true}"
TXN-00189,P024,DEAL-6493,2026-02,43804.82,Pro,2026-02-11,"{""contract_length"": 12, ""renewal"": true}"
TXN-00190,P048,DEAL-2791,2026-06,2479.19,,2026-06-06,{}
TXN-00191,P032,DEAL-4798,2026-04,1330.03,Add-On,2026-05-07,{}
TXN-00192,P001,DEAL-4519,2026-02,11780.23,Starter,,"{""contract_length"": 36, ""renewal"": true}"
TXN-00193,P015,DEAL-8496,2026-01,10719.12,Starter,2026-01-13,{}
TXN-00194,P025,DEAL-6766,2026-04,22076.93,Pro,2026-04-19,"{""contract_length"": 12, ""renewal"": false}"
TXN-00195,P022,DEAL-2916,2026-02,11014.68,Starter,2026-02-13,{}
TXN-00196,P038,DEAL-3838,2026-05,44274.94,Pro,2026-05-02,{}
TXN-00197,P035,DEAL-3236,2026-02,4455.5,,2026-02-16,{}
TXN-00198,P035,DEAL-3740,2026-01,12160.25,Pro,2026-01-18,{}
TXN-00199,P040,DEAL-9115,2026-05,17924.77,Pro,2026-05-12,{}
TXN-00200,P031,DEAL-9951,2026-02,75604.11,Enterprise,2026-02-02,{}
TXN-00201,P006,DEAL-8193,2026-01,8307.0,,2026-01-28,{}
TXN-00202,P013,DEAL-3281,2026-02,2862.48,,2026-02-18,{}
TXN-00203,P021,DEAL-5740,2026-05,14381.17,Starter,2026-05-05,{}
TXN-00204,P004,DEAL-5543,2026-06,59099.86,Pro,2026-06-08,{}
TXN-00205,P035,DEAL-3329,2026-05,1709.23,Add-On,2026-05-25,"{""contract_length"": 36, ""renewal"": false}"
TXN-00206,P026,DEAL-8449,2026-04,9565.42,Starter,2026-04-21,{}
TXN-00207,P005,DEAL-9756,2026-04,77769.0,Pro,2026-04-10,{}
TXN-00208,P040,DEAL-8951,2026-03,-12710.5,Add-On,2026-02-15,{}
TXN-00209,P030,DEAL-4314,2026-06,71750.34,Pro,2026-06-03,{}
TXN-00210,P026,DEAL-2795,2026-01,206401.07,Enterprise,2026-01-03,{}
TXN-00211,P005,DEAL-3174,2026-05,46361.1,Pro,,{}
TXN-00212,P030,DEAL-3165,2026-04,107236.72,Enterprise,2026-04-12,{}
TXN-00213,P011,DEAL-3340,2026-01,49430.39,Pro,2026-01-07,{}
TXN-00214,P029,DEAL-8248,2026-02,274148.24,Enterprise,2026-02-12,{}
TXN-00215,P011,DEAL-4764,2026-03,879.12,Add-On,2026-03-25,{}
TXN-00216,P022,DEAL-4366,2026-05,45666.58,Pro,2026-02-16,{}
TXN-00217,P045,DEAL-2163,2026-05,296720.63,Enterprise,2026-05-19,{}
TXN-00218,P014,DEAL-8717,2026-01,-4706.99,Enterprise,2026-01-13,{}
TXN-00219,P036,DEAL-7806,2026-04,2310.25,Add-On,2026-04-03,{}
TXN-00220,P016,DEAL-3545,2026-05,7079.51,Starter,2026-05-03,{}
TXN-00221,P018,DEAL-1948,2026-02,281156.94,Enterprise,2026-06-24,{}
TXN-00222,P001,DEAL-3248,2026-06,90958.16,Enterprise,2026-06-24,{}
TXN-00223,P020,DEAL-2934,2026-01,12492.4,Starter,,{}
TXN-00224,P005,DEAL-9128,2026-04,35208.67,Pro,2026-04-09,{}
TXN-00225,P053,DEAL-2889,2026-02,-17327.11,Add-On,2026-02-13,{}
TXN-00226,P003,DEAL-7870,2026-02,5227.42,Starter,2026-02-19,{}
TXN-00227,P004,DEAL-3938,2026-02,-8318.03,,2026-02-25,{}
TXN-00228,P039,DEAL-8483,2026-01,4608.72,Starter,2026-01-15,{}
TXN-00229,P015,DEAL-9452,2026-02,10446.45,Pro,2026-02-27,{}
TXN-00230,P001,DEAL-7164,2026-06,1883.8,Add-On,2026-06-02,{}
TXN-00231,P020,DEAL-2524,2026-01,72810.12,Pro,2026-01-24,"{""contract_length"": 12, ""renewal"": true}"
TXN-00232,P028,DEAL-2226,2026-05,14359.8,Pro,2026-05-28,{}
TXN-00233,P054,DEAL-6345,2026-03,117988.97,Enterprise,2026-03-19,"{""contract_length"": 12, ""renewal"": true}"
TXN-00234,P023,DEAL-7660,2026-01,35080.12,Pro,2026-01-28,"{""contract_length"": 12, ""renewal"": false}"
TXN-00235,P054,DEAL-1660,2026-02,8709.16,,2026-02-13,{}
TXN-00236,P019,DEAL-3848,2026-01,263650.33,Enterprise,2026-01-26,{}
TXN-00237,P004,DEAL-4641,2026-02,67657.14,Pro,2026-02-19,{}
TXN-00238,P005,DEAL-1357,2026-01,73174.73,Pro,2026-01-27,{}
TXN-00239,P032,DEAL-1829,2026-02,40320.95,Pro,2026-02-14,{}
TXN-00240,P014,DEAL-5505,2026-03,-12573.94,Enterprise,2026-03-14,{}
TXN-00241,P006,DEAL-5369,2026-04,39346.44,Pro,2026-04-26,{}
TXN-00242,P055,DEAL-6883,2026-04,64700.46,Pro,2026-04-09,{}
TXN-00243,P017,DEAL-1480,2026-03,252163.47,Enterprise,2026-03-08,{}
TXN-00244,P052,DEAL-4951,2026-03,67139.96,Pro,,{}
TXN-00245,P027,DEAL-6813,2026-02,26558.58,Pro,2026-02-19,"{""contract_length"": 36, ""renewal"": false}"
TXN-00246,P040,DEAL-3328,2026-05,68568.78,Pro,2026-05-06,{}
TXN-00247,P017,DEAL-4584,2026-01,43459.23,Pro,2026-01-11,{}
TXN-00248,P023,DEAL-1975,2026-01,51062.64,Pro,2026-01-28,{}
TXN-00249,P055,DEAL-7481,2026-05,134140.27,Enterprise,2026-05-14,{}
TXN-00250,P048,DEAL-6198,2026-02,4859.34,Add-On,2026-02-08,{}
TXN-00251,P027,DEAL-6026,2026-06,1825.33,Add-On,,{}
TXN-00252,P040,DEAL-1530,2026-02,32275.18,Pro,2026-02-04,{}
TXN-00253,P005,DEAL-4899,2026-03,4182.54,Starter,2026-03-21,{}
TXN-00254,P001,DEAL-5345,2026-02,58522.33,Pro,2026-02-02,{}
TXN-00255,P013,DEAL-7783,2026-04,137807.79,Enterprise,2026-04-19,{}
TXN-00256,P013,DEAL-8393,2026-01,8611.86,,2026-01-03,{}
TXN-00257,P013,DEAL-2228,2026-05,134487.65,Enterprise,2026-05-14,{}
TXN-00258,P030,DEAL-3573,2026-01,132773.64,Enterprise,2026-01-24,{}
TXN-00259,P022,DEAL-4891,2026-01,148225.55,Enterprise,2026-01-14,"{""contract_length"": 36, ""renewal"": false}"
TXN-00260,P002,DEAL-4390,2026-02,1813.15,Add-On,2026-02-13,{}
TXN-00261,P019,DEAL-2493,2026-06,37126.9,Pro,2026-06-02,{}
TXN-00262,P017,DEAL-5400,2026-05,87782.67,Enterprise,2026-05-26,{}
TXN-00263,P041,DEAL-4727,2026-05,260199.29,Enterprise,2026-05-28,{}
TXN-00264,P018,DEAL-8803,2026-03,148701.09,Enterprise,,{}
TXN-00265,P040,DEAL-3415,2026-01,5041.36,,2026-01-07,"{""contract_length"": 24, ""renewal"": true}"
TXN-00266,P030,DEAL-4308,2026-06,68387.57,Pro,2026-06-03,"{""contract_length"": 36, ""renewal"": false}"
TXN-00267,P020,DEAL-9514,2026-04,1111.27,,2026-04-04,{}
TXN-00268,P041,DEAL-2641,2026-01,64568.13,Pro,2026-01-14,{}
TXN-00269,P040,DEAL-8750,2026-01,29278.99,Pro,2026-01-02,{}
TXN-00270,P054,DEAL-4892,2026-01,2638.48,Add-On,2026-01-26,{}
TXN-00271,P035,DEAL-2609,2026-02,31033.63,Pro,2026-02-24,{}
TXN-00272,P015,DEAL-8237,2026-02,4664.53,,2026-02-02,{}
TXN-00273,P022,DEAL-9303,2026-04,64636.15,Pro,2026-04-27,{}
TXN-00274,P003,DEAL-8478,2026-01,11160.24,Starter,2026-01-21,{}
TXN-00275,P018,DEAL-7102,2026-04,41227.24,Pro,2026-04-12,{}
TXN-00276,P054,DEAL-2480,2026-03,146641.42,Enterprise,2026-03-28,{}
TXN-00277,P016,DEAL-5408,2026-06,178320.31,Enterprise,2026-06-16,{}
TXN-00278,P043,DEAL-1138,2026-02,9908.47,Starter,2026-02-09,{}
TXN-00279,P025,DEAL-8520,2026-03,42668.86,Pro,2026-03-04,"{""contract_length"": 36, ""renewal"": false}"
TXN-00280,P043,DEAL-5631,2026-03,986.47,Add-On,2026-03-28,{}
TXN-00281,P048,DEAL-5895,2026-02,46210.55,Pro,,{}
TXN-00282,P028,DEAL-6236,2026-06,60489.82,Pro,2026-06-14,{}
TXN-00283,P041,DEAL-4111,2026-03,3710.16,Add-On,2026-03-22,{}
TXN-00284,P013,DEAL-3967,2026-03,167695.22,Enterprise,2026-03-06,{}
TXN-00285,P048,DEAL-2463,2026-02,4903.26,Starter,2026-02-12,{}
TXN-00286,P008,DEAL-8709,2026-01,6709.57,,2026-01-07,{}
TXN-00287,P027,DEAL-9680,2026-03,63515.49,Enterprise,2026-03-14,{}
TXN-00288,P032,DEAL-3346,2026-03,7441.02,,2026-03-06,{}
TXN-00289,P031,DEAL-5481,2026-02,7961.88,,2026-02-25,"{""contract_length"": 36, ""renewal"": false}"
TXN-00290,P028,DEAL-8029,2026-04,51167.28,Enterprise,2026-04-11,{}
TXN-00291,P002,DEAL-1067,2026-06,1619.7,Add-On,2026-06-13,{}
TXN-00292,P005,DEAL-1749,2026-03,7927.04,Starter,2026-03-22,{}
TXN-00293,P035,DEAL-6885,2026-02,76365.9,Pro,2026-02-24,{}
TXN-00294,P002,DEAL-9267,2026-02,141647.86,Enterprise,,{}
TXN-00295,P038,DEAL-1796,2026-05,215492.48,Enterprise,,{}
TXN-00296,P027,DEAL-3024,2026-05,8167.15,Starter,2026-05-10,{}
TXN-00297,P037,DEAL-5423,2026-05,59050.84,Pro,2026-05-20,"{""contract_length"": 12, ""renewal"": true}"
TXN-00298,P043,DEAL-4272,2026-03,5708.31,,2026-03-02,{}
TXN-00299,P054,DEAL-8875,2026-03,10191.66,Pro,2026-03-22,{}
TXN-00300,P036,DEAL-2229,2026-06,955.81,Add-On,2026-06-10,{}
TXN-00301,P014,DEAL-1646,2026-03,12420.75,Starter,2026-01-01,{}
TXN-00302,P013,DEAL-6384,2026-03,288772.29,Enterprise,2026-03-11,{}
TXN-00303,P032,DEAL-5453,2026-04,4328.02,Add-On,2026-04-04,"{""contract_length"": 36, ""renewal"": true}"
TXN-00304,P013,DEAL-6802,2026-04,43787.24,Pro,2026-04-25,{}
TXN-00305,P034,DEAL-8997,2026-01,160171.97,Enterprise,2026-06-17,{}
TXN-00306,P040,DEAL-4669,2026-06,4044.71,,2026-06-24,{}
TXN-00307,P053,DEAL-7305,2026-02,8437.94,,2026-02-17,{}
TXN-00308,P013,DEAL-2226,2026-04,5131.59,Starter,,{}
TXN-00309,P028,DEAL-4850,2026-01,161047.22,Enterprise,2026-01-11,"{""contract_length"": 24, ""renewal"": true}"
TXN-00310,P029,DEAL-1587,2026-05,10011.88,Pro,2026-05-10,{}
TXN-00311,P048,DEAL-8474,2026-03,12729.04,Starter,2026-03-25,{}
TXN-00312,P052,DEAL-6952,2026-06,78505.84,Enterprise,2026-06-27,{}
TXN-00313,P039,DEAL-9552,2026-03,978.45,Add-On,2026-03-24,{}
TXN-00314,P044,DEAL-4209,2026-02,282554.06,Enterprise,2026-02-23,{}
TXN-00315,P003,DEAL-3018,2026-04,214614.17,Enterprise,2026-04-17,{}
TXN-00316,P030,DEAL-8912,2026-05,9290.46,,2026-05-05,"{""contract_length"": 36, ""renewal"": false}"
TXN-00317,P027,DEAL-7859,2026-05,3930.69,Add-On,2026-05-15,{}
TXN-00318,P043,DEAL-9393,2026-03,7313.45,,2026-03-21,{}
TXN-00319,P055,DEAL-5760,2026-06,13975.49,Starter,2026-06-06,{}
TXN-00320,P023,DEAL-2890,2026-03,43625.89,Pro,2026-03-24,{}
TXN-00321,P030,DEAL-1209,2026-05,56318.04,Enterprise,2026-05-25,{}
TXN-00322,P053,DEAL-5105,2026-02,1558.3,,2026-02-12,{}
TXN-00323,P053,DEAL-4675,2026-06,3025.72,Add-On,2026-06-10,{}
TXN-00324,P027,DEAL-7349,2026-04,9782.4,,2026-03-07,{}
TXN-00325,P031,DEAL-4695,2026-06,3692.95,Add-On,2026-06-07,{}
TXN-00326,P021,DEAL-8353,2026-02,835.11,Add-On,2026-02-02,{}
TXN-00327,P011,DEAL-3636,2026-05,3295.15,,2026-05-05,{}
TXN-00328,P045,DEAL-5934,2026-04,6154.09,,2026-04-08,{}
TXN-00329,P036,DEAL-3611,2026-04,47592.52,Pro,2026-04-11,{}
TXN-00330,P044,DEAL-9691,2026-04,67658.19,Pro,,{}
TXN-00331,P048,DEAL-4994,2026-01,4485.47,Add-On,2026-01-09,{}
TXN-00332,P037,DEAL-7143,2026-05,5578.62,,2026-05-11,{}
TXN-00333,P013,DEAL-9814,2026-05,206733.27,Enterprise,2026-05-22,{}
TXN-00334,P038,DEAL-8130,2026-06,9457.76,,2026-06-11,"{""contract_length"": 12, ""renewal"": true}"
TXN-00335,P019,DEAL-2154,2026-05,3048.81,,2026-05-14,{}
TXN-00336,P008,DEAL-9762,2026-01,3741.29,Add-On,2026-01-12,{}
TXN-00337,P053,DEAL-5937,2026-05,120379.36,Enterprise,2026-05-01,{}
TXN-00338,P011,DEAL-7406,2026-05,14481.75,Starter,2026-05-26,{}
TXN-00339,P001,DEAL-3316,2026-01,51257.46,Enterprise,2026-01-10,{}
TXN-00340,P025,DEAL-4469,2026-04,4331.56,Add-On,2026-04-09,{}
TXN-00341,P040,DEAL-1891,2026-05,211168.63,Enterprise,2026-05-07,{}
TXN-00342,P024,DEAL-6851,2026-02,3449.63,Add-On,2026-02-11,{}
TXN-00343,P052,DEAL-6008,2026-06,20667.65,Pro,2026-06-06,"{""contract_length"": 12, ""renewal"": true}"
TXN-00344,P048,DEAL-8145,2026-03,4235.37,,2026-03-15,{}
TXN-00345,P039,DEAL-2783,2026-02,3229.82,Add-On,2026-02-18,{}
TXN-00346,P045,DEAL-2252,2026-06,273026.3,Enterprise,2026-06-19,{}
TXN-00347,P003,DEAL-5269,2026-05,43047.28,Pro,2026-05-25,{}
TXN-00348,P011,DEAL-8613,2026-05,16338.78,Pro,,{}
TXN-00349,P044,DEAL-3717,2026-05,41235.43,Pro,2026-05-05,{}
TXN-00350,P025,DEAL-1662,2026-02,5388.78,,2026-02-17,{}
